id,카테고리,활동,시설명,섬,주소,전화번호,홈페이지,출처,검색링크
300,체험,낚시,강화도 황청낚시터,강화도,인천광역시 강화군 내가면 황청포구로443번길 82,032-933-0105,http://hwangcheongfish.com,강화군청 낚시터목록(황청낚시터),https://search.naver.com/search.naver?query=%EA%B0%95%ED%99%94%EB%8F%84%20%EA%B0%95%ED%99%94%EB%8F%84%20%ED%99%A9%EC%B2%AD%EB%82%9A%EC%8B%9C%ED%84%B0%20%EC%A0%84%ED%99%94%EB%B2%88%ED%98%B8
302,체험,루지,강화루지,강화도,,,,,https://search.naver.com/search.naver?query=%EA%B0%95%ED%99%94%EB%8F%84%20%EA%B0%95%ED%99%94%EB%A3%A8%EC%A7%80%20%EC%A0%84%ED%99%94%EB%B2%88%ED%98%B8
303,체험,낚시,강화바다낚시터,강화도,,,,,https://search.naver.com/search.naver?query=%EA%B0%95%ED%99%94%EB%8F%84%20%EA%B0%95%ED%99%94%EB%B0%94%EB%8B%A4%EB%82%9A%EC%8B%9C%ED%84%B0%20%EC%A0%84%ED%99%94%EB%B2%88%ED%98%B8
305,체험,모노레일,강화화개산모노레일,강화도,,,,,https://search.naver.com/search.naver?query=%EA%B0%95%ED%99%94%EB%8F%84%20%EA%B0%95%ED%99%94%ED%99%94%EA%B0%9C%EC%82%B0%EB%AA%A8%EB%85%B8%EB%A0%88%EC%9D%BC%20%EC%A0%84%ED%99%94%EB%B2%88%ED%98%B8
306,체험,낚시,국화지낚시터,강화도,인천광역시 강화군 강화읍 국화길 51,032-932-3288,http://www.kukwha.com,강화군청 낚시터목록(국화낚시터),https://search.naver.com/search.naver?query=%EA%B0%95%ED%99%94%EB%8F%84%20%EA%B5%AD%ED%99%94%EC%A7%80%EB%82%9A%EC%8B%9C%ED%84%B0%20%EC%A0%84%ED%99%94%EB%B2%88%ED%98%B8
308,체험,낚시,길상가족낚시터,강화도,인천광역시 강화군 길상면 초지로 453,032-937-6497,https://cafe.naver.com/cjjuny,관광공사(길상가족낚시터),https://search.naver.com/search.naver?query=%EA%B0%95%ED%99%94%EB%8F%84%20%EA%B8%B8%EC%83%81%EA%B0%80%EC%A1%B1%EB%82%9A%EC%8B%9C%ED%84%B0%20%EC%A0%84%ED%99%94%EB%B2%88%ED%98%B8
309,체험,낚시,길정 낚시터,강화도,인천광역시 강화군 양도면 고려왕릉로 209,032-932-1234,,강화군청 낚시터목록(길정낚시터),https://search.naver.com/search.naver?query=%EA%B0%95%ED%99%94%EB%8F%84%20%EA%B8%B8%EC%A0%95%20%EB%82%9A%EC%8B%9C%ED%84%B0%20%EC%A0%84%ED%99%94%EB%B2%88%ED%98%B8
317,체험,낚시,선두바다낚시터,강화도,인천광역시 강화군 길상면 해안남로 673-15,,https://m.cafe.naver.com/ca-fe/ganghwa939.cafe/,관광공사(선두바다낚시터),https://search.naver.com/search.naver?query=%EA%B0%95%ED%99%94%EB%8F%84%20%EC%84%A0%EB%91%90%EB%B0%94%EB%8B%A4%EB%82%9A%EC%8B%9C%ED%84%B0%20%EC%A0%84%ED%99%94%EB%B2%88%ED%98%B8
318,체험,낚시,선두포저수지,강화도,인천광역시 강화군 길상면 보리고개로 13,,,관광공사(선두포저수지),https://search.naver.com/search.naver?query=%EA%B0%95%ED%99%94%EB%8F%84%20%EC%84%A0%EB%91%90%ED%8F%AC%EC%A0%80%EC%88%98%EC%A7%80%20%EC%A0%84%ED%99%94%EB%B2%88%ED%98%B8
320,체험,낚시,신선낚시터,강화도,인천광역시 강화군 내가면 고비고개로741번길 37-48,032-933-1366,http://www.sinsungi.co.kr/,강화군청 낚시터목록(신선낚시터),https://search.naver.com/search.naver?query=%EA%B0%95%ED%99%94%EB%8F%84%20%EC%8B%A0%EC%84%A0%EB%82%9A%EC%8B%9C%ED%84%B0%20%EC%A0%84%ED%99%94%EB%B2%88%ED%98%B8
326,체험,낚시,인산낚시터,강화도,인천광역시 강화군 양도면 중앙로787번길 8-1,032-937-8788,https://insan.quv.kr/,강화군청 낚시터목록(인산낚시터),https://search.naver.com/search.naver?query=%EA%B0%95%ED%99%94%EB%8F%84%20%EC%9D%B8%EC%82%B0%EB%82%9A%EC%8B%9C%ED%84%B0%20%EC%A0%84%ED%99%94%EB%B2%88%ED%98%B8
335,체험,낚시,황청낚시터,강화도,,032-933-0105,http://hwangcheongfish.com,강화군청 낚시터목록(황청낚시터),https://search.naver.com/search.naver?query=%EA%B0%95%ED%99%94%EB%8F%84%20%ED%99%A9%EC%B2%AD%EB%82%9A%EC%8B%9C%ED%84%B0%20%EC%A0%84%ED%99%94%EB%B2%88%ED%98%B8
343,체험,풀등 체험,대이작도 해양생태관,대이작도,인천광역시 옹진군 자월면 이작리,,,,https://search.naver.com/search.naver?query=%EB%8C%80%EC%9D%B4%EC%9E%91%EB%8F%84%20%EB%8C%80%EC%9D%B4%EC%9E%91%EB%8F%84%20%ED%95%B4%EC%96%91%EC%83%9D%ED%83%9C%EA%B4%80%20%EC%A0%84%ED%99%94%EB%B2%88%ED%98%B8
347,체험,풀등 체험,풀등,대이작도,인천광역시 옹진군 자월면 이작리,,,,https://search.naver.com/search.naver?query=%EB%8C%80%EC%9D%B4%EC%9E%91%EB%8F%84%20%ED%92%80%EB%93%B1%20%EC%A0%84%ED%99%94%EB%B2%88%ED%98%B8
361,체험,짚라인,하나개해수욕장 짚라인,무의도,인천광역시 영종구 무의동,,,,https://search.naver.com/search.naver?query=%EB%AC%B4%EC%9D%98%EB%8F%84%20%ED%95%98%EB%82%98%EA%B0%9C%ED%95%B4%EC%88%98%EC%9A%95%EC%9E%A5%20%EC%A7%9A%EB%9D%BC%EC%9D%B8%20%EC%A0%84%ED%99%94%EB%B2%88%ED%98%B8
376,체험,낚시,항포낚시터,석모도,인천광역시 강화군 삼산면 삼산서로310번길 21,,https://cafe.naver.com/chamiik/,관광공사(항포낚시터),https://search.naver.com/search.naver?query=%EC%84%9D%EB%AA%A8%EB%8F%84%20%ED%95%AD%ED%8F%AC%EB%82%9A%EC%8B%9C%ED%84%B0%20%EC%A0%84%ED%99%94%EB%B2%88%ED%98%B8
388,체험,수련단체활동,연평평화안보수련원,연평도,인천광역시 옹진군 연평면 연평중앙로24번길 25,,https://www.ongjin.go.kr/open_content/security/,관광공사(연평평화안보수련원),https://search.naver.com/search.naver?query=%EC%97%B0%ED%8F%89%EB%8F%84%20%EC%97%B0%ED%8F%89%ED%8F%89%ED%99%94%EC%95%88%EB%B3%B4%EC%88%98%EB%A0%A8%EC%9B%90%20%EC%A0%84%ED%99%94%EB%B2%88%ED%98%B8
392,체험,낚시,만정바다낚시터,영종도,,,,,https://search.naver.com/search.naver?query=%EC%98%81%EC%A2%85%EB%8F%84%20%EB%A7%8C%EC%A0%95%EB%B0%94%EB%8B%A4%EB%82%9A%EC%8B%9C%ED%84%B0%20%EC%A0%84%ED%99%94%EB%B2%88%ED%98%B8
393,체험,낚시,만정바다좌대낚시터,영종도,인천광역시 영종구 영종순환로 279-20 (중산동),,,관광공사(만정바다좌대낚시터),https://search.naver.com/search.naver?query=%EC%98%81%EC%A2%85%EB%8F%84%20%EB%A7%8C%EC%A0%95%EB%B0%94%EB%8B%A4%EC%A2%8C%EB%8C%80%EB%82%9A%EC%8B%9C%ED%84%B0%20%EC%A0%84%ED%99%94%EB%B2%88%ED%98%B8
394,체험,낚시,만정사계절바다낚시터,영종도,인천광역시 영종구 영종순환로 279-20 (중산동),,http://cafe.naver.com/yj4season,관광공사(만정사계절바다낚시터),https://search.naver.com/search.naver?query=%EC%98%81%EC%A2%85%EB%8F%84%20%EB%A7%8C%EC%A0%95%EC%82%AC%EA%B3%84%EC%A0%88%EB%B0%94%EB%8B%A4%EB%82%9A%EC%8B%9C%ED%84%B0%20%EC%A0%84%ED%99%94%EB%B2%88%ED%98%B8
396,체험,골프,베르힐컨트리클럽/영종,영종도,,,https://www.verthillccyj.com/,,https://search.naver.com/search.naver?query=%EC%98%81%EC%A2%85%EB%8F%84%20%EB%B2%A0%EB%A5%B4%ED%9E%90%EC%BB%A8%ED%8A%B8%EB%A6%AC%ED%81%B4%EB%9F%BD%2F%EC%98%81%EC%A2%85%20%EC%A0%84%ED%99%94%EB%B2%88%ED%98%B8
397,체험,낚시,삼성호낚시슈퍼,영종도,,,,,https://search.naver.com/search.naver?query=%EC%98%81%EC%A2%85%EB%8F%84%20%EC%82%BC%EC%84%B1%ED%98%B8%EB%82%9A%EC%8B%9C%EC%8A%88%ED%8D%BC%20%EC%A0%84%ED%99%94%EB%B2%88%ED%98%B8
402,체험,모노레일,영종씨사이드레일바이크,영종도,,032-719-7778,https://www.insiseol.or.kr/park/seaside/facility/railbike.jsp,인천시설공단 씨사이드파크(레일바이크),https://search.naver.com/search.naver?query=%EC%98%81%EC%A2%85%EB%8F%84%20%EC%98%81%EC%A2%85%EC%94%A8%EC%82%AC%EC%9D%B4%EB%93%9C%EB%A0%88%EC%9D%BC%EB%B0%94%EC%9D%B4%ED%81%AC%20%EC%A0%84%ED%99%94%EB%B2%88%ED%98%B8
403,체험,골프,오렌지듄스영종골프클럽,영종도,,,https://www.orangedunesyj.com/,,https://search.naver.com/search.naver?query=%EC%98%81%EC%A2%85%EB%8F%84%20%EC%98%A4%EB%A0%8C%EC%A7%80%EB%93%84%EC%8A%A4%EC%98%81%EC%A2%85%EA%B3%A8%ED%94%84%ED%81%B4%EB%9F%BD%20%EC%A0%84%ED%99%94%EB%B2%88%ED%98%B8
408,체험,낚시,천혜바다낚시터,영종도,,,,,https://search.naver.com/search.naver?query=%EC%98%81%EC%A2%85%EB%8F%84%20%EC%B2%9C%ED%98%9C%EB%B0%94%EB%8B%A4%EB%82%9A%EC%8B%9C%ED%84%B0%20%EC%A0%84%ED%99%94%EB%B2%88%ED%98%B8
409,체험,낚시,천혜사랑바다낚시터,영종도,,,,,https://search.naver.com/search.naver?query=%EC%98%81%EC%A2%85%EB%8F%84%20%EC%B2%9C%ED%98%9C%EC%82%AC%EB%9E%91%EB%B0%94%EB%8B%A4%EB%82%9A%EC%8B%9C%ED%84%B0%20%EC%A0%84%ED%99%94%EB%B2%88%ED%98%B8
410,체험,골프,클럽72CC/레이크코스,영종도,,032-270-7272,https://www.onetheclub.com/club72/main,클럽72 코스별 예약(레이크),https://search.naver.com/search.naver?query=%EC%98%81%EC%A2%85%EB%8F%84%20%ED%81%B4%EB%9F%BD72CC%2F%EB%A0%88%EC%9D%B4%ED%81%AC%EC%BD%94%EC%8A%A4%20%EC%A0%84%ED%99%94%EB%B2%88%ED%98%B8
411,체험,골프,클럽72CC/바다코스,영종도,,032-270-7272,https://www.onetheclub.com/club72/main,클럽72 코스별 예약(바다),https://search.naver.com/search.naver?query=%EC%98%81%EC%A2%85%EB%8F%84%20%ED%81%B4%EB%9F%BD72CC%2F%EB%B0%94%EB%8B%A4%EC%BD%94%EC%8A%A4%20%EC%A0%84%ED%99%94%EB%B2%88%ED%98%B8
412,체험,골프,클럽72CC/오션코스,영종도,,1599-0072,https://www.onetheclub.com/club72/main,클럽72 통합예약(오션),https://search.naver.com/search.naver?query=%EC%98%81%EC%A2%85%EB%8F%84%20%ED%81%B4%EB%9F%BD72CC%2F%EC%98%A4%EC%85%98%EC%BD%94%EC%8A%A4%20%EC%A0%84%ED%99%94%EB%B2%88%ED%98%B8
413,체험,골프,클럽72CC/클래식코스,영종도,,1599-0072,https://www.onetheclub.com/club72/main,클럽72 통합예약(클래식),https://search.naver.com/search.naver?query=%EC%98%81%EC%A2%85%EB%8F%84%20%ED%81%B4%EB%9F%BD72CC%2F%ED%81%B4%EB%9E%98%EC%8B%9D%EC%BD%94%EC%8A%A4%20%EC%A0%84%ED%99%94%EB%B2%88%ED%98%B8
414,체험,골프,클럽72CC/하늘코스,영종도,,032-270-7128,https://www.onetheclub.com/club72/main,클럽72 코스별 예약(하늘),https://search.naver.com/search.naver?query=%EC%98%81%EC%A2%85%EB%8F%84%20%ED%81%B4%EB%9F%BD72CC%2F%ED%95%98%EB%8A%98%EC%BD%94%EC%8A%A4%20%EC%A0%84%ED%99%94%EB%B2%88%ED%98%B8
423,체험,해루질,영흥도 해루질 포인트,영흥도,인천광역시 옹진군 영흥면,,,,https://search.naver.com/search.naver?query=%EC%98%81%ED%9D%A5%EB%8F%84%20%EC%98%81%ED%9D%A5%EB%8F%84%20%ED%95%B4%EB%A3%A8%EC%A7%88%20%ED%8F%AC%EC%9D%B8%ED%8A%B8%20%EC%A0%84%ED%99%94%EB%B2%88%ED%98%B8
425,체험,낚시,영흥바다낚시터,영흥도,인천광역시 옹진군 영흥면 영흥로176번길 21,,,관광공사(영흥바다낚시터),https://search.naver.com/search.naver?query=%EC%98%81%ED%9D%A5%EB%8F%84%20%EC%98%81%ED%9D%A5%EB%B0%94%EB%8B%A4%EB%82%9A%EC%8B%9C%ED%84%B0%20%EC%A0%84%ED%99%94%EB%B2%88%ED%98%B8
426,체험,낚시,용담바다낚시터,영흥도,인천광역시 옹진군 영흥면 외리 21,,,관광공사(용담바다낚시터),https://search.naver.com/search.naver?query=%EC%98%81%ED%9D%A5%EB%8F%84%20%EC%9A%A9%EB%8B%B4%EB%B0%94%EB%8B%A4%EB%82%9A%EC%8B%9C%ED%84%B0%20%EC%A0%84%ED%99%94%EB%B2%88%ED%98%B8
295,힐링,섬마을 투어,강화 용두레마을,강화도,인천광역시 강화군 내가면 황청포구로385번길 8,032-933-5711,https://itour.incheon.go.kr/ssst/ssst/detail.do?pgListMode=S&cotId=ITD21122714555284277,관광공사(강화 용두레마을),https://search.naver.com/search.naver?query=%EA%B0%95%ED%99%94%EB%8F%84%20%EA%B0%95%ED%99%94%20%EC%9A%A9%EB%91%90%EB%A0%88%EB%A7%88%EC%9D%84%20%EC%A0%84%ED%99%94%EB%B2%88%ED%98%B8
297,힐링,섬마을 투어,강화 화문석마을,강화도,인천광역시 강화군 송해면 전망대로468번길 11,032-934-2290,https://itour.incheon.go.kr/ssst/ssst/detail.do?pgListMode=S&cotId=ITD21121610485525595,관광공사(강화 화문석마을),https://search.naver.com/search.naver?query=%EA%B0%95%ED%99%94%EB%8F%84%20%EA%B0%95%ED%99%94%20%ED%99%94%EB%AC%B8%EC%84%9D%EB%A7%88%EC%9D%84%20%EC%A0%84%ED%99%94%EB%B2%88%ED%98%B8
325,힐링,온천-스파,유니아일랜드골프앤스파리조트,강화도,,,,,https://search.naver.com/search.naver?query=%EA%B0%95%ED%99%94%EB%8F%84%20%EC%9C%A0%EB%8B%88%EC%95%84%EC%9D%BC%EB%9E%9C%EB%93%9C%EA%B3%A8%ED%94%84%EC%95%A4%EC%8A%A4%ED%8C%8C%EB%A6%AC%EC%A1%B0%ED%8A%B8%20%EC%A0%84%ED%99%94%EB%B2%88%ED%98%B8
337,힐링,섬마을 투어,난정리 해바라기마을 정원,교동도,인천광역시 강화군 교동면 난정리 741-3,032-832-3031,https://itour.incheon.go.kr/ssst/ssst/detail.do?pgListMode=S&cotId=APD21112609135816163,관광공사(난정리 해바라기마을 정원),https://search.naver.com/search.naver?query=%EA%B5%90%EB%8F%99%EB%8F%84%20%EB%82%9C%EC%A0%95%EB%A6%AC%20%ED%95%B4%EB%B0%94%EB%9D%BC%EA%B8%B0%EB%A7%88%EC%9D%84%20%EC%A0%95%EC%9B%90%20%EC%A0%84%ED%99%94%EB%B2%88%ED%98%B8
338,힐링,섬마을 투어,대룡시장,교동도,인천광역시 강화군 교동면 대룡리,032-930-3124,,강화군 관광과,https://search.naver.com/search.naver?query=%EA%B5%90%EB%8F%99%EB%8F%84%20%EB%8C%80%EB%A3%A1%EC%8B%9C%EC%9E%A5%20%EC%A0%84%ED%99%94%EB%B2%88%ED%98%B8
341,힐링,은하수 체험,굴업도 은하수 관측지,굴업도,인천광역시 옹진군 덕적면 굴업리,032-899-2253,,관할 덕적면(관광공사 안내번호),https://search.naver.com/search.naver?query=%EA%B5%B4%EC%97%85%EB%8F%84%20%EA%B5%B4%EC%97%85%EB%8F%84%20%EC%9D%80%ED%95%98%EC%88%98%20%EA%B4%80%EC%B8%A1%EC%A7%80%20%EC%A0%84%ED%99%94%EB%B2%88%ED%98%B8
345,힐링,섬마을 투어,삼신할미약수터,대이작도,인천광역시 옹진군 자월면 이작리,032-899-2114,,관할 자월면(관광공사 안내번호),https://search.naver.com/search.naver?query=%EB%8C%80%EC%9D%B4%EC%9E%91%EB%8F%84%20%EC%82%BC%EC%8B%A0%ED%95%A0%EB%AF%B8%EC%95%BD%EC%88%98%ED%84%B0%20%EC%A0%84%ED%99%94%EB%B2%88%ED%98%B8
351,힐링,산림욕,능동자갈마당,덕적도,인천광역시 옹진군 덕적면 북리,032-899-2253,,관할 덕적면(관광공사 안내번호),https://search.naver.com/search.naver?query=%EB%8D%95%EC%A0%81%EB%8F%84%20%EB%8A%A5%EB%8F%99%EC%9E%90%EA%B0%88%EB%A7%88%EB%8B%B9%20%EC%A0%84%ED%99%94%EB%B2%88%ED%98%B8
354,힐링,산림욕,서포리웰빙삼림욕산책로,덕적도,인천광역시 옹진군 덕적면 덕적남로606번길 6,032-899-2253,https://itour.incheon.go.kr/ssst/ssst/detail.do?cotId=APD21120710052220112#guide,관할 덕적면(관광공사 안내번호),https://search.naver.com/search.naver?query=%EB%8D%95%EC%A0%81%EB%8F%84%20%EC%84%9C%ED%8F%AC%EB%A6%AC%EC%9B%B0%EB%B9%99%EC%82%BC%EB%A6%BC%EC%9A%95%EC%82%B0%EC%B1%85%EB%A1%9C%20%EC%A0%84%ED%99%94%EB%B2%88%ED%98%B8
364,힐링,섬마을 투어,문갑도 벽화마을,문갑도,인천광역시 옹진군 덕적면 문갑리,032-899-2253,,관할 덕적면(관광공사 안내번호),https://search.naver.com/search.naver?query=%EB%AC%B8%EA%B0%91%EB%8F%84%20%EB%AC%B8%EA%B0%91%EB%8F%84%20%EB%B2%BD%ED%99%94%EB%A7%88%EC%9D%84%20%EC%A0%84%ED%99%94%EB%B2%88%ED%98%B8
368,힐링,물범 관찰,백령도 점박이물범 관찰지,백령도,인천광역시 옹진군 백령면 진촌리,032-899-3510,,관할 백령면(관광공사 안내번호),https://search.naver.com/search.naver?query=%EB%B0%B1%EB%A0%B9%EB%8F%84%20%EB%B0%B1%EB%A0%B9%EB%8F%84%20%EC%A0%90%EB%B0%95%EC%9D%B4%EB%AC%BC%EB%B2%94%20%EA%B4%80%EC%B0%B0%EC%A7%80%20%EC%A0%84%ED%99%94%EB%B2%88%ED%98%B8
373,힐링,섬마을 투어,보문사,석모도,인천광역시 강화군 삼산면 삼산남로,032-933-8271,,강화군 관광안내(보문사),https://search.naver.com/search.naver?query=%EC%84%9D%EB%AA%A8%EB%8F%84%20%EB%B3%B4%EB%AC%B8%EC%82%AC%20%EC%A0%84%ED%99%94%EB%B2%88%ED%98%B8
374,힐링,온천-스파,석모도미네랄스파,석모도,,032-930-7053,https://seongmodo.imweb.me/tour4,강화군 관광안내(석모도 미네랄온천),https://search.naver.com/search.naver?query=%EC%84%9D%EB%AA%A8%EB%8F%84%20%EC%84%9D%EB%AA%A8%EB%8F%84%EB%AF%B8%EB%84%A4%EB%9E%84%EC%8A%A4%ED%8C%8C%20%EC%A0%84%ED%99%94%EB%B2%88%ED%98%B8
382,힐링,섬마을 투어,촛대바위,승봉도,인천광역시 옹진군 자월면 승봉리,032-899-2114,,관할 자월면(관광공사 안내번호),https://search.naver.com/search.naver?query=%EC%8A%B9%EB%B4%89%EB%8F%84%20%EC%B4%9B%EB%8C%80%EB%B0%94%EC%9C%84%20%EC%A0%84%ED%99%94%EB%B2%88%ED%98%B8
383,힐링,섬마을 투어,배미꾸미해변 조각공원,신도·시도·모도,인천광역시 옹진군 북도면 모도리,032-899-3414,,관할 북도면(관광공사 안내번호),https://search.naver.com/search.naver?query=%EC%8B%A0%EB%8F%84%C2%B7%EC%8B%9C%EB%8F%84%C2%B7%EB%AA%A8%EB%8F%84%20%EB%B0%B0%EB%AF%B8%EA%BE%B8%EB%AF%B8%ED%95%B4%EB%B3%80%20%EC%A1%B0%EA%B0%81%EA%B3%B5%EC%9B%90%20%EC%A0%84%ED%99%94%EB%B2%88%ED%98%B8
385,힐링,섬마을 투어,시도염전,신도·시도·모도,인천광역시 옹진군 북도면 시도리,032-899-3414,,관할 북도면(관광공사 안내번호),https://search.naver.com/search.naver?query=%EC%8B%A0%EB%8F%84%C2%B7%EC%8B%9C%EB%8F%84%C2%B7%EB%AA%A8%EB%8F%84%20%EC%8B%9C%EB%8F%84%EC%97%BC%EC%A0%84%20%EC%A0%84%ED%99%94%EB%B2%88%ED%98%B8
387,힐링,섬마을 투어,연평도 안보 여행코스,연평도,인천광역시 옹진군 연평중앙로24번길 3,,,,https://search.naver.com/search.naver?query=%EC%97%B0%ED%8F%89%EB%8F%84%20%EC%97%B0%ED%8F%89%EB%8F%84%20%EC%95%88%EB%B3%B4%20%EC%97%AC%ED%96%89%EC%BD%94%EC%8A%A4%20%EC%A0%84%ED%99%94%EB%B2%88%ED%98%B8
399,힐링,일몰 감상,선녀바위해변,영종도,인천광역시 영종구 용유로380번길 21,032-760-7497,,관할 영종구(관광공사 안내번호),https://search.naver.com/search.naver?query=%EC%98%81%EC%A2%85%EB%8F%84%20%EC%84%A0%EB%85%80%EB%B0%94%EC%9C%84%ED%95%B4%EB%B3%80%20%EC%A0%84%ED%99%94%EB%B2%88%ED%98%B8
400,힐링,온천-스파,씨사이드파크해수족욕장,영종도,,032-456-2972,https://www.insiseol.or.kr/park/seaside/,인천시설공단 씨사이드파크(대표),https://search.naver.com/search.naver?query=%EC%98%81%EC%A2%85%EB%8F%84%20%EC%94%A8%EC%82%AC%EC%9D%B4%EB%93%9C%ED%8C%8C%ED%81%AC%ED%95%B4%EC%88%98%EC%A1%B1%EC%9A%95%EC%9E%A5%20%EC%A0%84%ED%99%94%EB%B2%88%ED%98%B8
415,힐링,온천-스파,파라다이스시티/씨메르,영종도,,,https://www.p-city.com/front/cimer/overview?language=KO,,https://search.naver.com/search.naver?query=%EC%98%81%EC%A2%85%EB%8F%84%20%ED%8C%8C%EB%9D%BC%EB%8B%A4%EC%9D%B4%EC%8A%A4%EC%8B%9C%ED%8B%B0%2F%EC%94%A8%EB%A9%94%EB%A5%B4%20%EC%A0%84%ED%99%94%EB%B2%88%ED%98%B8
421,힐링,산림욕,십리포해수욕장 소사나무 군락지,영흥도,인천광역시 옹진군 영흥면 영흥북로 420-26,,,,https://search.naver.com/search.naver?query=%EC%98%81%ED%9D%A5%EB%8F%84%20%EC%8B%AD%EB%A6%AC%ED%8F%AC%ED%95%B4%EC%88%98%EC%9A%95%EC%9E%A5%20%EC%86%8C%EC%82%AC%EB%82%98%EB%AC%B4%20%EA%B5%B0%EB%9D%BD%EC%A7%80%20%EC%A0%84%ED%99%94%EB%B2%88%ED%98%B8
428,힐링,일몰 감상,장경리해수욕장,영흥도,인천광역시 옹진군 영흥면 영흥로757번길 6,,,,https://search.naver.com/search.naver?query=%EC%98%81%ED%9D%A5%EB%8F%84%20%EC%9E%A5%EA%B2%BD%EB%A6%AC%ED%95%B4%EC%88%98%EC%9A%95%EC%9E%A5%20%EC%A0%84%ED%99%94%EB%B2%88%ED%98%B8
429,힐링,섬마을 투어,통일사,영흥도,인천광역시 옹진군 영흥면 영흥로722번길 146,032-886-7529,https://www.ongjin.go.kr/open_content/tour/#,관광공사(통일사),https://search.naver.com/search.naver?query=%EC%98%81%ED%9D%A5%EB%8F%84%20%ED%86%B5%EC%9D%BC%EC%82%AC%20%EC%A0%84%ED%99%94%EB%B2%88%ED%98%B8
291,육상,트레킹,[강화 나들길 제2코스] 호국돈대길,강화도,인천광역시 강화군 강화읍 해안동로1366번길 18,032-930-3124,http://www.nadeulgil.org,강화군 관광과,https://search.naver.com/search.naver?query=%EA%B0%95%ED%99%94%EB%8F%84%20%5B%EA%B0%95%ED%99%94%20%EB%82%98%EB%93%A4%EA%B8%B8%20%EC%A0%9C2%EC%BD%94%EC%8A%A4%5D%20%ED%98%B8%EA%B5%AD%EB%8F%88%EB%8C%80%EA%B8%B8%20%EC%A0%84%ED%99%94%EB%B2%88%ED%98%B8
292,육상,트레킹,[강화 나들길 제3코스] 고려왕릉 가는 길,강화도,인천광역시 강화군 강화읍 청하동길 24,032-930-3124,https://www.nadeulgil.org/?c=1/6/64,강화군 관광과,https://search.naver.com/search.naver?query=%EA%B0%95%ED%99%94%EB%8F%84%20%5B%EA%B0%95%ED%99%94%20%EB%82%98%EB%93%A4%EA%B8%B8%20%EC%A0%9C3%EC%BD%94%EC%8A%A4%5D%20%EA%B3%A0%EB%A0%A4%EC%99%95%EB%A6%89%20%EA%B0%80%EB%8A%94%20%EA%B8%B8%20%EC%A0%84%ED%99%94%EB%B2%88%ED%98%B8
293,육상,트레킹,[강화 나들길 제4코스] 해가 지는 마을 길,강화도,인천광역시 강화군 강화읍 청하동길 24,032-930-3124,https://www.ganghwa.go.kr/open_content/tour/around/nadeul/c4.jsp,강화군 관광과,https://search.naver.com/search.naver?query=%EA%B0%95%ED%99%94%EB%8F%84%20%5B%EA%B0%95%ED%99%94%20%EB%82%98%EB%93%A4%EA%B8%B8%20%EC%A0%9C4%EC%BD%94%EC%8A%A4%5D%20%ED%95%B4%EA%B0%80%20%EC%A7%80%EB%8A%94%20%EB%A7%88%EC%9D%84%20%EA%B8%B8%20%EC%A0%84%ED%99%94%EB%B2%88%ED%98%B8
294,육상,트레킹,[강화 나들길 제8코스] 철새 보러 가는 길,강화도,인천광역시 강화군 강화읍 청하동길 24,032-930-3124,https://www.ganghwa.go.kr/open_content/tour/around/nadeul/c8.jsp,강화군 관광과,https://search.naver.com/search.naver?query=%EA%B0%95%ED%99%94%EB%8F%84%20%5B%EA%B0%95%ED%99%94%20%EB%82%98%EB%93%A4%EA%B8%B8%20%EC%A0%9C8%EC%BD%94%EC%8A%A4%5D%20%EC%B2%A0%EC%83%88%20%EB%B3%B4%EB%9F%AC%20%EA%B0%80%EB%8A%94%20%EA%B8%B8%20%EC%A0%84%ED%99%94%EB%B2%88%ED%98%B8
296,육상,자전거,강화 자전거 관광코스,강화도,인천광역시 강화군 강화읍,032-930-3124,http://www.ganghwa.go.kr/open_content/tour/trip/bike/all.jsp,강화군 관광과,https://search.naver.com/search.naver?query=%EA%B0%95%ED%99%94%EB%8F%84%20%EA%B0%95%ED%99%94%20%EC%9E%90%EC%A0%84%EA%B1%B0%20%EA%B4%80%EA%B4%91%EC%BD%94%EC%8A%A4%20%EC%A0%84%ED%99%94%EB%B2%88%ED%98%B8
299,육상,캠핑,강화고인돌캠핑장,강화도,인천광역시 강화군 하점면 강화대로 994-40,010-3699-2499,https://www.camfit.co.kr/camp/60ed4244d46a51001e0870a5,강화군청 야영장목록,https://search.naver.com/search.naver?query=%EA%B0%95%ED%99%94%EB%8F%84%20%EA%B0%95%ED%99%94%EA%B3%A0%EC%9D%B8%EB%8F%8C%EC%BA%A0%ED%95%91%EC%9E%A5%20%EC%A0%84%ED%99%94%EB%B2%88%ED%98%B8
304,육상,캠핑,강화카라반해변,강화도,인천광역시 강화군 화도면 해안남로 2669,,http://xn--939a79sfudd5x85i.com/about.html?tab=1,관광공사(강화카라반해변),https://search.naver.com/search.naver?query=%EA%B0%95%ED%99%94%EB%8F%84%20%EA%B0%95%ED%99%94%EC%B9%B4%EB%9D%BC%EB%B0%98%ED%95%B4%EB%B3%80%20%EC%A0%84%ED%99%94%EB%B2%88%ED%98%B8
307,육상,캠핑,글램조이,강화도,인천광역시 강화군 해안서로 689,032-937-6890,http://www.glamjoi.com/,강화군청 야영장목록,https://search.naver.com/search.naver?query=%EA%B0%95%ED%99%94%EB%8F%84%20%EA%B8%80%EB%9E%A8%EC%A1%B0%EC%9D%B4%20%EC%A0%84%ED%99%94%EB%B2%88%ED%98%B8
310,육상,캠핑,노을캠핑장,강화도,인천광역시 강화군 양도면 해안서로 695,010-5223-4540,https://www.camfit.co.kr/camp/6141694509e481001eb583d6,강화군청 야영장목록,https://search.naver.com/search.naver?query=%EA%B0%95%ED%99%94%EB%8F%84%20%EB%85%B8%EC%9D%84%EC%BA%A0%ED%95%91%EC%9E%A5%20%EC%A0%84%ED%99%94%EB%B2%88%ED%98%B8
311,육상,캠핑,더숲캠핑장,강화도,인천광역시 강화군 길상면 보리고개로 187-5,010-2409-0815,,강화군청 야영장목록(더숲관광농원캠핑장),https://search.naver.com/search.naver?query=%EA%B0%95%ED%99%94%EB%8F%84%20%EB%8D%94%EC%88%B2%EC%BA%A0%ED%95%91%EC%9E%A5%20%EC%A0%84%ED%99%94%EB%B2%88%ED%98%B8
313,육상,캠핑,렛츠고 강화캠핑,강화도,인천광역시 강화군 화도면 동녘말길 238-13,010-4802-8793,https://www.instagram.com/letsgo_ganghwacamping/,강화군청 야영장목록,https://search.naver.com/search.naver?query=%EA%B0%95%ED%99%94%EB%8F%84%20%EB%A0%9B%EC%B8%A0%EA%B3%A0%20%EA%B0%95%ED%99%94%EC%BA%A0%ED%95%91%20%EC%A0%84%ED%99%94%EB%B2%88%ED%98%B8
314,육상,캠핑,바다다 캠핑장,강화도,인천광역시 강화군 화도면 내리 2146-2,010-7446-0844,http://badadacamp.co.kr/,강화군청 야영장목록,https://search.naver.com/search.naver?query=%EA%B0%95%ED%99%94%EB%8F%84%20%EB%B0%94%EB%8B%A4%EB%8B%A4%20%EC%BA%A0%ED%95%91%EC%9E%A5%20%EC%A0%84%ED%99%94%EB%B2%88%ED%98%B8
315,육상,캠핑,바다로글램핑,강화도,인천광역시 강화군 화도면 해안남로 2421-228,010-8247-3438,http://badarocamping.com,강화군청 야영장목록,https://search.naver.com/search.naver?query=%EA%B0%95%ED%99%94%EB%8F%84%20%EB%B0%94%EB%8B%A4%EB%A1%9C%EA%B8%80%EB%9E%A8%ED%95%91%20%EC%A0%84%ED%99%94%EB%B2%88%ED%98%B8
316,육상,캠핑,바다캠핑장,강화도,인천광역시 강화군 화도면 해안남로 2355-7,032-937-3485,http://www.xn--939a42kurip4ljpixnkywb.com/,강화군청 야영장목록(강화바다관광농원),https://search.naver.com/search.naver?query=%EA%B0%95%ED%99%94%EB%8F%84%20%EB%B0%94%EB%8B%A4%EC%BA%A0%ED%95%91%EC%9E%A5%20%EC%A0%84%ED%99%94%EB%B2%88%ED%98%B8
319,육상,캠핑,스톤캠핑장,강화도,인천광역시 강화군 하점면 고려산로377번길 31,0507-1485-6330,https://www.camfit.co.kr/camp/616c28bbb0e0a1001e5722c1,강화군청 야영장목록,https://search.naver.com/search.naver?query=%EA%B0%95%ED%99%94%EB%8F%84%20%EC%8A%A4%ED%86%A4%EC%BA%A0%ED%95%91%EC%9E%A5%20%EC%A0%84%ED%99%94%EB%B2%88%ED%98%B8
321,육상,캠핑,씨사이드힐캠핑장,강화도,인천광역시 강화군 화도면 해안남로 2680-12,010-5338-3133,https://www.instagram.com/seaside__hill,강화군청 야영장목록,https://search.naver.com/search.naver?query=%EA%B0%95%ED%99%94%EB%8F%84%20%EC%94%A8%EC%82%AC%EC%9D%B4%EB%93%9C%ED%9E%90%EC%BA%A0%ED%95%91%EC%9E%A5%20%EC%A0%84%ED%99%94%EB%B2%88%ED%98%B8
322,육상,캠핑,아르보리아 캠핑장,강화도,인천광역시 강화군 길상면 장흥로101번길 65,010-2334-2002,https://www.camfit.co.kr/camp/6179fe910b812b001eb57bfa,강화군청 야영장목록(아르보리아파크캠핑장),https://search.naver.com/search.naver?query=%EA%B0%95%ED%99%94%EB%8F%84%20%EC%95%84%EB%A5%B4%EB%B3%B4%EB%A6%AC%EC%95%84%20%EC%BA%A0%ED%95%91%EC%9E%A5%20%EC%A0%84%ED%99%94%EB%B2%88%ED%98%B8
323,육상,캠핑,오크힐글램핑,강화도,인천광역시 강화군 화도면 해안남로1998번길 8-28,010-8095-7372,http://www.오크힐글램핑.com,강화군청 야영장목록,https://search.naver.com/search.naver?query=%EA%B0%95%ED%99%94%EB%8F%84%20%EC%98%A4%ED%81%AC%ED%9E%90%EA%B8%80%EB%9E%A8%ED%95%91%20%EC%A0%84%ED%99%94%EB%B2%88%ED%98%B8
328,육상,트레킹,정족산 삼랑성 트레킹,강화도,인천광역시 강화군 길상면 온수리,032-930-3124,,강화군 관광과,https://search.naver.com/search.naver?query=%EA%B0%95%ED%99%94%EB%8F%84%20%EC%A0%95%EC%A1%B1%EC%82%B0%20%EC%82%BC%EB%9E%91%EC%84%B1%20%ED%8A%B8%EB%A0%88%ED%82%B9%20%EC%A0%84%ED%99%94%EB%B2%88%ED%98%B8
329,육상,캠핑,쥬라기카라반,강화도,인천광역시 강화군 길상면 해안남로 627-5,010-7206-4566,http://쥬라기카라반.com/,강화군청 야영장목록,https://search.naver.com/search.naver?query=%EA%B0%95%ED%99%94%EB%8F%84%20%EC%A5%AC%EB%9D%BC%EA%B8%B0%EC%B9%B4%EB%9D%BC%EB%B0%98%20%EC%A0%84%ED%99%94%EB%B2%88%ED%98%B8
330,육상,캠핑,크로바캠핑장,강화도,인천광역시 강화군 길상면 해안남로 497-4,,,관광공사(크로바캠핑장),https://search.naver.com/search.naver?query=%EA%B0%95%ED%99%94%EB%8F%84%20%ED%81%AC%EB%A1%9C%EB%B0%94%EC%BA%A0%ED%95%91%EC%9E%A5%20%EC%A0%84%ED%99%94%EB%B2%88%ED%98%B8
331,육상,캠핑,프랭클리 글램핑,강화도,인천광역시 강화군 선원면 시리미로237번길 32,032-933-0118,https://www.instagram.com/frankly_coffee_/,강화군청 야영장목록,https://search.naver.com/search.naver?query=%EA%B0%95%ED%99%94%EB%8F%84%20%ED%94%84%EB%9E%AD%ED%81%B4%EB%A6%AC%20%EA%B8%80%EB%9E%A8%ED%95%91%20%EC%A0%84%ED%99%94%EB%B2%88%ED%98%B8
332,육상,캠핑,하랑캠핑장,강화도,인천광역시 강화군 내가면 고천리 1259-14번지,032-934-1300,https://cafe.naver.com/harangcamping/,강화군청 야영장목록,https://search.naver.com/search.naver?query=%EA%B0%95%ED%99%94%EB%8F%84%20%ED%95%98%EB%9E%91%EC%BA%A0%ED%95%91%EC%9E%A5%20%EC%A0%84%ED%99%94%EB%B2%88%ED%98%B8
333,육상,캠핑,함허동천야영장,강화도,인천광역시 강화군 화도면 해안남로1196번길 38,032-930-7066,https://www.ghss.or.kr/ttreserve/conts/faclCamp.do,강화군청 야영장목록,https://search.naver.com/search.naver?query=%EA%B0%95%ED%99%94%EB%8F%84%20%ED%95%A8%ED%97%88%EB%8F%99%EC%B2%9C%EC%95%BC%EC%98%81%EC%9E%A5%20%EC%A0%84%ED%99%94%EB%B2%88%ED%98%B8
334,육상,캠핑,행복한 소풍캠핑장,강화도,인천광역시 강화군 화도면 마니산로 902-15,010-6297-1201,https://www.camfit.co.kr/camp/62a192a8dd1ac5001fda9b5a,강화군청 야영장목록,https://search.naver.com/search.naver?query=%EA%B0%95%ED%99%94%EB%8F%84%20%ED%96%89%EB%B3%B5%ED%95%9C%20%EC%86%8C%ED%92%8D%EC%BA%A0%ED%95%91%EC%9E%A5%20%EC%A0%84%ED%99%94%EB%B2%88%ED%98%B8
336,육상,트레킹,교동 화개산 트레킹 코스,교동도,인천광역시 강화군 교동면,032-930-3124,,강화군 관광과,https://search.naver.com/search.naver?query=%EA%B5%90%EB%8F%99%EB%8F%84%20%EA%B5%90%EB%8F%99%20%ED%99%94%EA%B0%9C%EC%82%B0%20%ED%8A%B8%EB%A0%88%ED%82%B9%20%EC%BD%94%EC%8A%A4%20%EC%A0%84%ED%99%94%EB%B2%88%ED%98%B8
339,육상,백패킹,개머리언덕,굴업도,인천광역시 옹진군 덕적면 굴업리,032-899-2253,,관할 덕적면(관광공사 안내번호),https://search.naver.com/search.naver?query=%EA%B5%B4%EC%97%85%EB%8F%84%20%EA%B0%9C%EB%A8%B8%EB%A6%AC%EC%96%B8%EB%8D%95%20%EC%A0%84%ED%99%94%EB%B2%88%ED%98%B8
340,육상,트레킹,굴업도 웰니스 코스,굴업도,인천광역시 옹진군 굴업로 39,032-899-2253,,관할 덕적면(관광공사 안내번호),https://search.naver.com/search.naver?query=%EA%B5%B4%EC%97%85%EB%8F%84%20%EA%B5%B4%EC%97%85%EB%8F%84%20%EC%9B%B0%EB%8B%88%EC%8A%A4%20%EC%BD%94%EC%8A%A4%20%EC%A0%84%ED%99%94%EB%B2%88%ED%98%B8
344,육상,트레킹,부아산 트레킹 코스,대이작도,인천광역시 옹진군 자월면 이작리,032-899-2114,,관할 자월면(관광공사 안내번호),https://search.naver.com/search.naver?query=%EB%8C%80%EC%9D%B4%EC%9E%91%EB%8F%84%20%EB%B6%80%EC%95%84%EC%82%B0%20%ED%8A%B8%EB%A0%88%ED%82%B9%20%EC%BD%94%EC%8A%A4%20%EC%A0%84%ED%99%94%EB%B2%88%ED%98%B8
349,육상,트레킹,서풍받이 트레킹 코스,대청도,인천광역시 옹진군 대청면,032-899-3610,,관할 대청면(관광공사 안내번호),https://search.naver.com/search.naver?query=%EB%8C%80%EC%B2%AD%EB%8F%84%20%EC%84%9C%ED%92%8D%EB%B0%9B%EC%9D%B4%20%ED%8A%B8%EB%A0%88%ED%82%B9%20%EC%BD%94%EC%8A%A4%20%EC%A0%84%ED%99%94%EB%B2%88%ED%98%B8
353,육상,트레킹,비조봉 등산 코스,덕적도,인천광역시 옹진군 덕적면 진리,032-899-2253,,관할 덕적면(관광공사 안내번호),https://search.naver.com/search.naver?query=%EB%8D%95%EC%A0%81%EB%8F%84%20%EB%B9%84%EC%A1%B0%EB%B4%89%20%EB%93%B1%EC%82%B0%20%EC%BD%94%EC%8A%A4%20%EC%A0%84%ED%99%94%EB%B2%88%ED%98%B8
355,육상,캠핑,서포리해수욕장 오토캠핑장,덕적도,인천광역시 옹진군 덕적면 서포리,,,,https://search.naver.com/search.naver?query=%EB%8D%95%EC%A0%81%EB%8F%84%20%EC%84%9C%ED%8F%AC%EB%A6%AC%ED%95%B4%EC%88%98%EC%9A%95%EC%9E%A5%20%EC%98%A4%ED%86%A0%EC%BA%A0%ED%95%91%EC%9E%A5%20%EC%A0%84%ED%99%94%EB%B2%88%ED%98%B8
356,육상,트레킹,무의도 국사봉,무의도,인천광역시 영종구 무의동,032-760-7770,,관할 영종구(관광공사 안내번호),https://search.naver.com/search.naver?query=%EB%AC%B4%EC%9D%98%EB%8F%84%20%EB%AC%B4%EC%9D%98%EB%8F%84%20%EA%B5%AD%EC%82%AC%EB%B4%89%20%EC%A0%84%ED%99%94%EB%B2%88%ED%98%B8
358,육상,트레킹,무의바다누리길,무의도,인천광역시 영종구 무의동,032-760-7774,https://itour.incheon.go.kr/ssst/ssst/detail.do?pgListMode=S&cotId=ITD21122814190216582,관광공사(무의바다누리길),https://search.naver.com/search.naver?query=%EB%AC%B4%EC%9D%98%EB%8F%84%20%EB%AC%B4%EC%9D%98%EB%B0%94%EB%8B%A4%EB%88%84%EB%A6%AC%EA%B8%B8%20%EC%A0%84%ED%99%94%EB%B2%88%ED%98%B8
362,육상,트레킹,호룡곡산 트레킹 코스,무의도,인천광역시 영종구 대무의로 464,032-760-7770,,관할 영종구(관광공사 안내번호),https://search.naver.com/search.naver?query=%EB%AC%B4%EC%9D%98%EB%8F%84%20%ED%98%B8%EB%A3%A1%EA%B3%A1%EC%82%B0%20%ED%8A%B8%EB%A0%88%ED%82%B9%20%EC%BD%94%EC%8A%A4%20%EC%A0%84%ED%99%94%EB%B2%88%ED%98%B8
363,육상,트레킹,깃대봉 트레킹 코스,문갑도,인천광역시 옹진군 덕적면 문갑리,032-899-2253,,관할 덕적면(관광공사 안내번호),https://search.naver.com/search.naver?query=%EB%AC%B8%EA%B0%91%EB%8F%84%20%EA%B9%83%EB%8C%80%EB%B4%89%20%ED%8A%B8%EB%A0%88%ED%82%B9%20%EC%BD%94%EC%8A%A4%20%EC%A0%84%ED%99%94%EB%B2%88%ED%98%B8
365,육상,캠핑,한월리해변 야영장,문갑도,인천광역시 옹진군 덕적면 문갑리,,,,https://search.naver.com/search.naver?query=%EB%AC%B8%EA%B0%91%EB%8F%84%20%ED%95%9C%EC%9B%94%EB%A6%AC%ED%95%B4%EB%B3%80%20%EC%95%BC%EC%98%81%EC%9E%A5%20%EC%A0%84%ED%99%94%EB%B2%88%ED%98%B8
367,육상,트레킹,두무진 트레킹 코스,백령도,인천광역시 옹진군 백령면 연화리,032-899-3510,,관할 백령면(관광공사 안내번호),https://search.naver.com/search.naver?query=%EB%B0%B1%EB%A0%B9%EB%8F%84%20%EB%91%90%EB%AC%B4%EC%A7%84%20%ED%8A%B8%EB%A0%88%ED%82%B9%20%EC%BD%94%EC%8A%A4%20%EC%A0%84%ED%99%94%EB%B2%88%ED%98%B8
371,육상,캠핑,돌담캠핑가든,석모도,인천광역시 강화군 삼산북로 397-1,010-8445-5373,http://xn--o39aw5krsar7ax30fxni.com/,강화군청 야영장목록,https://search.naver.com/search.naver?query=%EC%84%9D%EB%AA%A8%EB%8F%84%20%EB%8F%8C%EB%8B%B4%EC%BA%A0%ED%95%91%EA%B0%80%EB%93%A0%20%EC%A0%84%ED%99%94%EB%B2%88%ED%98%B8
375,육상,캠핑,원스캠핑장,석모도,인천광역시 강화군 삼산면 삼산남로604번길 37,010-6408-9365,http://www.wonscamp.co.kr/,강화군청 야영장목록,https://search.naver.com/search.naver?query=%EC%84%9D%EB%AA%A8%EB%8F%84%20%EC%9B%90%EC%8A%A4%EC%BA%A0%ED%95%91%EC%9E%A5%20%EC%A0%84%ED%99%94%EB%B2%88%ED%98%B8
377,육상,트레킹,해명산 트레킹 코스,석모도,인천광역시 강화군 삼산면 석포리 산 185,032-930-3124,,강화군 관광과,https://search.naver.com/search.naver?query=%EC%84%9D%EB%AA%A8%EB%8F%84%20%ED%95%B4%EB%AA%85%EC%82%B0%20%ED%8A%B8%EB%A0%88%ED%82%B9%20%EC%BD%94%EC%8A%A4%20%EC%A0%84%ED%99%94%EB%B2%88%ED%98%B8
378,육상,캠핑,헬로 카라반,석모도,인천광역시 강화군 삼산면 어류정길198번길 8,010-4394-7100,http://hellocaravane.co.kr/default/,강화군청 야영장목록,https://search.naver.com/search.naver?query=%EC%84%9D%EB%AA%A8%EB%8F%84%20%ED%97%AC%EB%A1%9C%20%EC%B9%B4%EB%9D%BC%EB%B0%98%20%EC%A0%84%ED%99%94%EB%B2%88%ED%98%B8
379,육상,캠핑,떼뿌루야영장,소야도,인천광역시 옹진군 덕적면 소야리,,,,https://search.naver.com/search.naver?query=%EC%86%8C%EC%95%BC%EB%8F%84%20%EB%96%BC%EB%BF%8C%EB%A3%A8%EC%95%BC%EC%98%81%EC%9E%A5%20%EC%A0%84%ED%99%94%EB%B2%88%ED%98%B8
386,육상,자전거,신·시·모도 자전거길,신도·시도·모도,인천광역시 옹진군 북도면,032-899-3414,,관할 북도면(관광공사 안내번호),https://search.naver.com/search.naver?query=%EC%8B%A0%EB%8F%84%C2%B7%EC%8B%9C%EB%8F%84%C2%B7%EB%AA%A8%EB%8F%84%20%EC%8B%A0%C2%B7%EC%8B%9C%C2%B7%EB%AA%A8%EB%8F%84%20%EC%9E%90%EC%A0%84%EA%B1%B0%EA%B8%B8%20%EC%A0%84%ED%99%94%EB%B2%88%ED%98%B8
390,육상,캠핑,락인뜰,영종도,인천광역시 영종구 늘목로 38 (을왕동),,https://blog.naver.com/rockgarden64/221104957204/,관광공사(락인뜰),https://search.naver.com/search.naver?query=%EC%98%81%EC%A2%85%EB%8F%84%20%EB%9D%BD%EC%9D%B8%EB%9C%B0%20%EC%A0%84%ED%99%94%EB%B2%88%ED%98%B8
395,육상,트레킹,백운산전망대,영종도,인천광역시 영종구 운서동 산1-1,032-832-3031,https://itour.incheon.go.kr/ssst/ssst/detail.do?pgListMode=S&cotId=APD21112609134178098,관광공사(백운산전망대),https://search.naver.com/search.naver?query=%EC%98%81%EC%A2%85%EB%8F%84%20%EB%B0%B1%EC%9A%B4%EC%82%B0%EC%A0%84%EB%A7%9D%EB%8C%80%20%EC%A0%84%ED%99%94%EB%B2%88%ED%98%B8
398,육상,캠핑,서해캠핑장,영종도,인천광역시 영종구 용유서로423번길 41 (을왕동),,https://westcamp.imweb.me/index,관광공사(서해캠핑장),https://search.naver.com/search.naver?query=%EC%98%81%EC%A2%85%EB%8F%84%20%EC%84%9C%ED%95%B4%EC%BA%A0%ED%95%91%EC%9E%A5%20%EC%A0%84%ED%99%94%EB%B2%88%ED%98%B8
404,육상,캠핑,왕산가족오토캠핑장,영종도,인천광역시 영종구 용유서로423번길 60 (을왕동),,http://wangsanautocamp.com/,관광공사(왕산가족오토캠핑장),https://search.naver.com/search.naver?query=%EC%98%81%EC%A2%85%EB%8F%84%20%EC%99%95%EC%82%B0%EA%B0%80%EC%A1%B1%EC%98%A4%ED%86%A0%EC%BA%A0%ED%95%91%EC%9E%A5%20%EC%A0%84%ED%99%94%EB%B2%88%ED%98%B8
416,육상,캠핑,농어바위캠핑장,영흥도,인천광역시 옹진군 영흥면 영흥서로 420-19,,,관광공사(농어바위캠핑장),https://search.naver.com/search.naver?query=%EC%98%81%ED%9D%A5%EB%8F%84%20%EB%86%8D%EC%96%B4%EB%B0%94%EC%9C%84%EC%BA%A0%ED%95%91%EC%9E%A5%20%EC%A0%84%ED%99%94%EB%B2%88%ED%98%B8
417,육상,캠핑,명성가족캠핑촌,영흥도,인천광역시 옹진군 영흥면 영흥로722번길 43,,https://www.msgogogo.com/,관광공사(명성가족캠핑촌),https://search.naver.com/search.naver?query=%EC%98%81%ED%9D%A5%EB%8F%84%20%EB%AA%85%EC%84%B1%EA%B0%80%EC%A1%B1%EC%BA%A0%ED%95%91%EC%B4%8C%20%EC%A0%84%ED%99%94%EB%B2%88%ED%98%B8
418,육상,캠핑,모모카라반,영흥도,인천광역시 옹진군 영흥면 영흥로757번길 176,,https://momocaravan.com/,관광공사(모모카라반),https://search.naver.com/search.naver?query=%EC%98%81%ED%9D%A5%EB%8F%84%20%EB%AA%A8%EB%AA%A8%EC%B9%B4%EB%9D%BC%EB%B0%98%20%EC%A0%84%ED%99%94%EB%B2%88%ED%98%B8
419,육상,캠핑,블랙트리캠핑,영흥도,인천광역시 옹진군 영흥면 영흥로757번길 234-13,,http://www.blacktreecamping.com/default/index.php,관광공사(블랙트리캠핑),https://search.naver.com/search.naver?query=%EC%98%81%ED%9D%A5%EB%8F%84%20%EB%B8%94%EB%9E%99%ED%8A%B8%EB%A6%AC%EC%BA%A0%ED%95%91%20%EC%A0%84%ED%99%94%EB%B2%88%ED%98%B8
420,육상,캠핑,솔바다캠핑장,영흥도,인천광역시 옹진군 영흥면 영흥서로 527-14,,http://www.솔바다캠핑장.kr/,관광공사(솔바다캠핑장),https://search.naver.com/search.naver?query=%EC%98%81%ED%9D%A5%EB%8F%84%20%EC%86%94%EB%B0%94%EB%8B%A4%EC%BA%A0%ED%95%91%EC%9E%A5%20%EC%A0%84%ED%99%94%EB%B2%88%ED%98%B8
422,육상,자전거,영흥도 국사봉 임도,영흥도,인천광역시 옹진군 영흥면 내리,,,,https://search.naver.com/search.naver?query=%EC%98%81%ED%9D%A5%EB%8F%84%20%EC%98%81%ED%9D%A5%EB%8F%84%20%EA%B5%AD%EC%82%AC%EB%B4%89%20%EC%9E%84%EB%8F%84%20%EC%A0%84%ED%99%94%EB%B2%88%ED%98%B8
424,육상,캠핑,영흥도어울림캠핑장,영흥도,인천광역시 옹진군 영흥면 영흥서로 452-67,,,관광공사(영흥도어울림캠핑장),https://search.naver.com/search.naver?query=%EC%98%81%ED%9D%A5%EB%8F%84%20%EC%98%81%ED%9D%A5%EB%8F%84%EC%96%B4%EC%9A%B8%EB%A6%BC%EC%BA%A0%ED%95%91%EC%9E%A5%20%EC%A0%84%ED%99%94%EB%B2%88%ED%98%B8
427,육상,캠핑,장경리해변야영장,영흥도,인천광역시 옹진군 영흥면 영흥로757번길 6,032-880-0450,http://www.xn--289a88vh9ihpaq9dea.kr/index.php,영흥도 장경리해변야영장,https://search.naver.com/search.naver?query=%EC%98%81%ED%9D%A5%EB%8F%84%20%EC%9E%A5%EA%B2%BD%EB%A6%AC%ED%95%B4%EB%B3%80%EC%95%BC%EC%98%81%EC%9E%A5%20%EC%A0%84%ED%99%94%EB%B2%88%ED%98%B8
430,육상,트레킹,자월도 국사봉,자월도,인천광역시 옹진군 자월면 자월리,032-899-2114,,관할 자월면(관광공사 안내번호),https://search.naver.com/search.naver?query=%EC%9E%90%EC%9B%94%EB%8F%84%20%EC%9E%90%EC%9B%94%EB%8F%84%20%EA%B5%AD%EC%82%AC%EB%B4%89%20%EC%A0%84%ED%99%94%EB%B2%88%ED%98%B8
431,육상,캠핑,장골해수욕장 야영장,자월도,인천광역시 옹진군 자월면 자월리,,,,https://search.naver.com/search.naver?query=%EC%9E%90%EC%9B%94%EB%8F%84%20%EC%9E%A5%EA%B3%A8%ED%95%B4%EC%88%98%EC%9A%95%EC%9E%A5%20%EC%95%BC%EC%98%81%EC%9E%A5%20%EC%A0%84%ED%99%94%EB%B2%88%ED%98%B8
435,육상,트레킹,장봉도 국사봉 트레킹,장봉도,인천광역시 옹진군 북도면 장봉리,032-899-3414,,관할 북도면(관광공사 안내번호),https://search.naver.com/search.naver?query=%EC%9E%A5%EB%B4%89%EB%8F%84%20%EC%9E%A5%EB%B4%89%EB%8F%84%20%EA%B5%AD%EC%82%AC%EB%B4%89%20%ED%8A%B8%EB%A0%88%ED%82%B9%20%EC%A0%84%ED%99%94%EB%B2%88%ED%98%B8
301,해상,갯벌체험,강화도자연체험농장,강화도,,032-930-3124,,강화군 관광과,https://search.naver.com/search.naver?query=%EA%B0%95%ED%99%94%EB%8F%84%20%EA%B0%95%ED%99%94%EB%8F%84%EC%9E%90%EC%97%B0%EC%B2%B4%ED%97%98%EB%86%8D%EC%9E%A5%20%EC%A0%84%ED%99%94%EB%B2%88%ED%98%B8
312,해상,갯벌체험,동막해변 갯벌체험,강화도,인천광역시 강화군 화도면 동막리,032-930-3124,,강화군 관광과,https://search.naver.com/search.naver?query=%EA%B0%95%ED%99%94%EB%8F%84%20%EB%8F%99%EB%A7%89%ED%95%B4%EB%B3%80%20%EA%B0%AF%EB%B2%8C%EC%B2%B4%ED%97%98%20%EC%A0%84%ED%99%94%EB%B2%88%ED%98%B8
324,해상,유람선,외포리선착장,강화도,인천광역시 강화군 내가면 해안서로 883,032-932-6619,,관광공사(외포리선착장),https://search.naver.com/search.naver?query=%EA%B0%95%ED%99%94%EB%8F%84%20%EC%99%B8%ED%8F%AC%EB%A6%AC%EC%84%A0%EC%B0%A9%EC%9E%A5%20%EC%A0%84%ED%99%94%EB%B2%88%ED%98%B8
342,해상,해안 산책,큰마을해변,굴업도,인천광역시 옹진군 덕적면 굴업리,032-899-2253,,관할 덕적면(관광공사 안내번호),https://search.naver.com/search.naver?query=%EA%B5%B4%EC%97%85%EB%8F%84%20%ED%81%B0%EB%A7%88%EC%9D%84%ED%95%B4%EB%B3%80%20%EC%A0%84%ED%99%94%EB%B2%88%ED%98%B8
346,해상,해수욕장,작은풀안해변,대이작도,인천광역시 옹진군 자월면 이작리,032-899-2114,,관할 자월면(관광공사 안내번호),https://search.naver.com/search.naver?query=%EB%8C%80%EC%9D%B4%EC%9E%91%EB%8F%84%20%EC%9E%91%EC%9D%80%ED%92%80%EC%95%88%ED%95%B4%EB%B3%80%20%EC%A0%84%ED%99%94%EB%B2%88%ED%98%B8
348,해상,해안 산책,농여해변,대청도,인천광역시 옹진군 대청면,032-899-3610,https://itour.incheon.go.kr/ssst/ssst/detail.do?pgListMode=S&cotId=ITD21122317373945561,관광공사(대청도 농여해변),https://search.naver.com/search.naver?query=%EB%8C%80%EC%B2%AD%EB%8F%84%20%EB%86%8D%EC%97%AC%ED%95%B4%EB%B3%80%20%EC%A0%84%ED%99%94%EB%B2%88%ED%98%B8
350,해상,해안 산책,옥죽동 해안사구,대청도,인천광역시 옹진군 대청면,032-899-3610,https://itour.incheon.go.kr/ssst/ssst/detail.do?cotId=ITD21122910350447768,관광공사(대청도 옥죽동 해안사구),https://search.naver.com/search.naver?query=%EB%8C%80%EC%B2%AD%EB%8F%84%20%EC%98%A5%EC%A3%BD%EB%8F%99%20%ED%95%B4%EC%95%88%EC%82%AC%EA%B5%AC%20%EC%A0%84%ED%99%94%EB%B2%88%ED%98%B8
352,해상,해수욕장,밧지름해변,덕적도,인천광역시 옹진군 덕적면 덕적남로 209-1,032-899-2253,https://www.ongjin.go.kr/open_content/tour/locinfo/seaside.do?act=detail&loc_seq=115,관광공사(밧지름해변),https://search.naver.com/search.naver?query=%EB%8D%95%EC%A0%81%EB%8F%84%20%EB%B0%A7%EC%A7%80%EB%A6%84%ED%95%B4%EB%B3%80%20%EC%A0%84%ED%99%94%EB%B2%88%ED%98%B8
357,해상,해안 산책,무의도 해상관광탐방로,무의도,인천광역시 영종구 무의동,032-760-7770,https://isum.incheon.go.kr/isleInfo.do?key=2407020003&isle=200,관광공사(무의도),https://search.naver.com/search.naver?query=%EB%AC%B4%EC%9D%98%EB%8F%84%20%EB%AC%B4%EC%9D%98%EB%8F%84%20%ED%95%B4%EC%83%81%EA%B4%80%EA%B4%91%ED%83%90%EB%B0%A9%EB%A1%9C%20%EC%A0%84%ED%99%94%EB%B2%88%ED%98%B8
359,해상,해안 산책,큰무리어촌체험마을,무의도,인천광역시 영종구 대무의로 26-9,032-751-0310,http://xn--oy2b2b23di5xg1bu8mura20tbsn.kr/IC001/index.do,관광공사(큰무리어촌체험마을),https://search.naver.com/search.naver?query=%EB%AC%B4%EC%9D%98%EB%8F%84%20%ED%81%B0%EB%AC%B4%EB%A6%AC%EC%96%B4%EC%B4%8C%EC%B2%B4%ED%97%98%EB%A7%88%EC%9D%84%20%EC%A0%84%ED%99%94%EB%B2%88%ED%98%B8
360,해상,해수욕장,하나개해수욕장 갯벌체험,무의도,인천광역시 영종구 무의동,032-760-7770,,관할 영종구(관광공사 안내번호),https://search.naver.com/search.naver?query=%EB%AC%B4%EC%9D%98%EB%8F%84%20%ED%95%98%EB%82%98%EA%B0%9C%ED%95%B4%EC%88%98%EC%9A%95%EC%9E%A5%20%EA%B0%AF%EB%B2%8C%EC%B2%B4%ED%97%98%20%EC%A0%84%ED%99%94%EB%B2%88%ED%98%B8
366,해상,유람선,두무진 유람선,백령도,인천광역시 옹진군 백령면 연화리 1026-9,032-899-3510,https://www.heritage.go.kr/heri/cul/culSelectDetail.do?culPageNo=1&region=1&searchCondition=%EC%98%B9%EC%A7%84+%EB%B0%B1%EB%A0%B9%EB%8F%84+%EB%91%90%EB%AC%B4%EC%A7%84&searchCondition2=&ccbaKdcd=15&ccbaAsno=00080000&ccbaCtcd=23&ccbaCpno=1352300080000&ccbaCndt=&ccbaLcto=&stCcbaAsdt=&endCcbaAsdt=&header=view&returnUrl=%2Fheri%2Fcul%2FculSelectViewList.do&pageNo=1_1_1_0&p=multiSch&sortType=&sortOrd=&sngl=Y&s_kdcdArr=00&s_ctcdArr=00&ccbaPcd1Arr=99&ccbaGcodeArr=00,관광공사(옹진 백령도 두무진),https://search.naver.com/search.naver?query=%EB%B0%B1%EB%A0%B9%EB%8F%84%20%EB%91%90%EB%AC%B4%EC%A7%84%20%EC%9C%A0%EB%9E%8C%EC%84%A0%20%EC%A0%84%ED%99%94%EB%B2%88%ED%98%B8
369,해상,해수욕장,사곶해변,백령도,인천광역시 옹진군 백령면 사곶로 139,032-899-3510,https://itour.incheon.go.kr/ssst/ssst/detail.do?pgListMode=S&cotId=ITD21121613180311354,관광공사(사곶해변),https://search.naver.com/search.naver?query=%EB%B0%B1%EB%A0%B9%EB%8F%84%20%EC%82%AC%EA%B3%B6%ED%95%B4%EB%B3%80%20%EC%A0%84%ED%99%94%EB%B2%88%ED%98%B8
370,해상,해안 산책,콩돌해변,백령도,인천광역시 옹진군 백령면,032-899-3403,https://itour.incheon.go.kr/ssst/ssst/detail.do?pgListMode=S&cotId=ITD21121611055225067,관광공사(백령도 콩돌해변),https://search.naver.com/search.naver?query=%EB%B0%B1%EB%A0%B9%EB%8F%84%20%EC%BD%A9%EB%8F%8C%ED%95%B4%EB%B3%80%20%EC%A0%84%ED%99%94%EB%B2%88%ED%98%B8
372,해상,해수욕장,민머루해변,석모도,인천광역시 강화군 삼산면 어류정길212번길,032-930-3567,http://minmeoru-beach.co.kr,관광공사(민머루해변),https://search.naver.com/search.naver?query=%EC%84%9D%EB%AA%A8%EB%8F%84%20%EB%AF%BC%EB%A8%B8%EB%A3%A8%ED%95%B4%EB%B3%80%20%EC%A0%84%ED%99%94%EB%B2%88%ED%98%B8
380,해상,해수욕장,소야도 떼뿌리해변,소야도,인천광역시 옹진군 덕적면 소야리,032-899-2253,,관할 덕적면(관광공사 안내번호),https://search.naver.com/search.naver?query=%EC%86%8C%EC%95%BC%EB%8F%84%20%EC%86%8C%EC%95%BC%EB%8F%84%20%EB%96%BC%EB%BF%8C%EB%A6%AC%ED%95%B4%EB%B3%80%20%EC%A0%84%ED%99%94%EB%B2%88%ED%98%B8
381,해상,해수욕장,이일레해수욕장,승봉도,인천광역시 옹진군 자월면 승봉로116번길,032-899-2114,,관할 자월면(관광공사 안내번호),https://search.naver.com/search.naver?query=%EC%8A%B9%EB%B4%89%EB%8F%84%20%EC%9D%B4%EC%9D%BC%EB%A0%88%ED%95%B4%EC%88%98%EC%9A%95%EC%9E%A5%20%EC%A0%84%ED%99%94%EB%B2%88%ED%98%B8
384,해상,해수욕장,수기해변,신도·시도·모도,인천광역시 옹진군 북도면 시도로86번길 291-49,032-899-2114,http://www.ongjin.go.kr/open_content/tour/,관광공사(수기해변),https://search.naver.com/search.naver?query=%EC%8B%A0%EB%8F%84%C2%B7%EC%8B%9C%EB%8F%84%C2%B7%EB%AA%A8%EB%8F%84%20%EC%88%98%EA%B8%B0%ED%95%B4%EB%B3%80%20%EC%A0%84%ED%99%94%EB%B2%88%ED%98%B8
389,해상,해안 산책,거잠포해변,영종도,인천광역시 영종구 잠진도길 11,032-760-7497,https://itour.incheon.go.kr/ssst/ssst/detail.do?pgListMode=S&cotId=APD21112609173130718,관광공사(거잠포해변),https://search.naver.com/search.naver?query=%EC%98%81%EC%A2%85%EB%8F%84%20%EA%B1%B0%EC%9E%A0%ED%8F%AC%ED%95%B4%EB%B3%80%20%EC%A0%84%ED%99%94%EB%B2%88%ED%98%B8
391,해상,해안 산책,마시안해변,영종도,인천광역시 영종구 덕교동,032-760-7497,,관할 영종구(관광공사 안내번호),https://search.naver.com/search.naver?query=%EC%98%81%EC%A2%85%EB%8F%84%20%EB%A7%88%EC%8B%9C%EC%95%88%ED%95%B4%EB%B3%80%20%EC%A0%84%ED%99%94%EB%B2%88%ED%98%B8
405,해상,요트,왕산마리나,영종도,인천광역시 영종구 왕산마리나길 143,032-202-9960,http://www.wangsanmarina.co.kr/,관광공사(왕산마리나),https://search.naver.com/search.naver?query=%EC%98%81%EC%A2%85%EB%8F%84%20%EC%99%95%EC%82%B0%EB%A7%88%EB%A6%AC%EB%82%98%20%EC%A0%84%ED%99%94%EB%B2%88%ED%98%B8
406,해상,패들보트,을왕리 수상레저,영종도,인천광역시 영종구 을왕동,,,,https://search.naver.com/search.naver?query=%EC%98%81%EC%A2%85%EB%8F%84%20%EC%9D%84%EC%99%95%EB%A6%AC%20%EC%88%98%EC%83%81%EB%A0%88%EC%A0%80%20%EC%A0%84%ED%99%94%EB%B2%88%ED%98%B8
432,해상,해수욕장,큰말해변,자월도,인천광역시 옹진군 자월면 자월리,032-899-2114,,관할 자월면(관광공사 안내번호),https://search.naver.com/search.naver?query=%EC%9E%90%EC%9B%94%EB%8F%84%20%ED%81%B0%EB%A7%90%ED%95%B4%EB%B3%80%20%EC%A0%84%ED%99%94%EB%B2%88%ED%98%B8
433,해상,해수욕장,옹암해변,장봉도,인천광역시 옹진군 북도면 장봉로 227,032-899-3414,https://itour.incheon.go.kr/ssst/ssst/detail.do?cotId=ITD21122413192444549,관광공사(장봉도 옹암해변),https://search.naver.com/search.naver?query=%EC%9E%A5%EB%B4%89%EB%8F%84%20%EC%98%B9%EC%95%94%ED%95%B4%EB%B3%80%20%EC%A0%84%ED%99%94%EB%B2%88%ED%98%B8
434,해상,갯벌체험,장봉도 갯벌체험장,장봉도,인천광역시 옹진군 북도면 장봉리,032-899-3414,,관할 북도면(관광공사 안내번호),https://search.naver.com/search.naver?query=%EC%9E%A5%EB%B4%89%EB%8F%84%20%EC%9E%A5%EB%B4%89%EB%8F%84%20%EA%B0%AF%EB%B2%8C%EC%B2%B4%ED%97%98%EC%9E%A5%20%EC%A0%84%ED%99%94%EB%B2%88%ED%98%B8